{"inputUnits":[42],"outputUnits":4,"inputs":{"0":{"dtype":"number","min":67.04899534323346,"max":575.2780143144369},"1":{"dtype":"number","min":74.89285862857831,"max":453.66775088500805},"2":{"dtype":"number","min":108.88619018800775,"max":556.4627553667443},"3":{"dtype":"number","min":121.55864187026928,"max":459.3518145053486},"4":{"dtype":"number","min":110.11329384068743,"max":575.5845160438244},"5":{"dtype":"number","min":100.22021320418382,"max":473.9654909923904},"6":{"dtype":"number","min":95.34900154797128,"max":594.7643930385318},"7":{"dtype":"number","min":83.99004746672384,"max":486.4638723633504},"8":{"dtype":"number","min":70.79357527544332,"max":610.4318087579417},"9":{"dtype":"number","min":68.53264121134956,"max":495.24754958113715},"10":{"dtype":"number","min":95.95879355311433,"max":601.7986662021336},"11":{"dtype":"number","min":35.643116105988966,"max":483.5485761114049},"12":{"dtype":"number","min":73.77965402404027,"max":638.8232881314024},"13":{"dtype":"number","min":81.32401767798544,"max":496.1609065724526},"14":{"dtype":"number","min":60.61432900820946,"max":641.2599558849761},"15":{"dtype":"number","min":74.66688755093773,"max":505.0496356866306},"16":{"dtype":"number","min":54.47374534748306,"max":644.598319617659},"17":{"dtype":"number","min":76.97611273643307,"max":511.27427637752413},"18":{"dtype":"number","min":74.50714278391783,"max":593.5253852241301},"19":{"dtype":"number","min":30.49942562703886,"max":482.94377067995885},"20":{"dtype":"number","min":47.714915876819305,"max":631.5241881683016},"21":{"dtype":"number","min":56.25887225639398,"max":495.7174296637826},"22":{"dtype":"number","min":39.41398679885018,"max":608.5562918826029},"23":{"dtype":"number","min":70.9251982849413,"max":504.83158381326757},"24":{"dtype":"number","min":37.62931902306506,"max":598.2519991491212},"25":{"dtype":"number","min":76.03540439263011,"max":512.6138951697565},"26":{"dtype":"number","min":43.159754531924335,"max":601.1488800608959},"27":{"dtype":"number","min":36.31775404945682,"max":480.7841985096042},"28":{"dtype":"number","min":28.640043757373256,"max":615.4261408023103},"29":{"dtype":"number","min":23.907215907267464,"max":492.76677098710456},"30":{"dtype":"number","min":26.88320858941724,"max":595.3775805510685},"31":{"dtype":"number","min":38.16161838148055,"max":501.4390066704212},"32":{"dtype":"number","min":30.415422206275583,"max":578.0297995200173},"33":{"dtype":"number","min":42.87632499942798,"max":509.0357767299125},"34":{"dtype":"number","min":4.642207325849057,"max":606.0466764917293},"35":{"dtype":"number","min":8.80669276338911,"max":478.45436208168366},"36":{"dtype":"number","min":10.707147563958932,"max":617.3344976874927},"37":{"dtype":"number","min":2.3995804855883662,"max":487.9595781930495},"38":{"dtype":"number","min":19.265481264141727,"max":617.344388770788},"39":{"dtype":"number","min":12.540531257947958,"max":495.1831160060673},"40":{"dtype":"number","min":21.63856078879876,"max":622.3575587855224},"41":{"dtype":"number","min":17.149216500817484,"max":501.62141412013915}},"outputs":{"0":{"dtype":"string","min":0,"max":1,"uniqueValues":["Bien","Mal","MasOMenos","TalVez"],"legend":{"Bien":[1,0,0,0],"Mal":[0,1,0,0],"MasOMenos":[0,0,1,0],"TalVez":[0,0,0,1]}}},"isNormalized":true}