{"inputUnits":[42],"outputUnits":4,"inputs":{"0":{"dtype":"number","min":-15.897886911275485,"max":608.2190794837591},"1":{"dtype":"number","min":114.67108195461934,"max":449.79761163934654},"2":{"dtype":"number","min":41.61308347204519,"max":605.1869024463824},"3":{"dtype":"number","min":140.09236876558123,"max":489.49640080368033},"4":{"dtype":"number","min":52.46086085283524,"max":573.2376697415596},"5":{"dtype":"number","min":98.33600355758233,"max":501.5232541299487},"6":{"dtype":"number","min":33.732864887113664,"max":584.5560696305777},"7":{"dtype":"number","min":90.84400560522943,"max":508.67389695828564},"8":{"dtype":"number","min":5.128493550001121,"max":617.5454255670126},"9":{"dtype":"number","min":53.362830884075166,"max":521.2579030172016},"10":{"dtype":"number","min":4.593335777819125,"max":613.9670291751621},"11":{"dtype":"number","min":88.02170040402862,"max":397.9730948855327},"12":{"dtype":"number","min":-15.877897157857355,"max":576.8940526795836},"13":{"dtype":"number","min":81.0335853807332,"max":484.0954606228606},"14":{"dtype":"number","min":-12.595948639831791,"max":540.4809453289138},"15":{"dtype":"number","min":110.27637822234783,"max":524.7297614710891},"16":{"dtype":"number","min":-0.0954212765943474,"max":538.259839582412},"17":{"dtype":"number","min":127.28520501087708,"max":529.5920553082858},"18":{"dtype":"number","min":-4.743684947997262,"max":588.011435476705},"19":{"dtype":"number","min":75.30166081229007,"max":384.1128181508021},"20":{"dtype":"number","min":-13.512625364229276,"max":563.3910071344835},"21":{"dtype":"number","min":83.00971298800447,"max":466.5855903076357},"22":{"dtype":"number","min":-9.291312708809594,"max":525.6691213126666},"23":{"dtype":"number","min":98.53697777986872,"max":506.35421893622896},"24":{"dtype":"number","min":5.8520305290628105,"max":529.7636290221553},"25":{"dtype":"number","min":115.01399995099246,"max":503.2717786248981},"26":{"dtype":"number","min":7.527174299250888,"max":588.4179555066715},"27":{"dtype":"number","min":61.424450869235,"max":424.81965682289785},"28":{"dtype":"number","min":-2.9680950420152463,"max":574.1329266435016},"29":{"dtype":"number","min":76.01308042748921,"max":451.0299684956431},"30":{"dtype":"number","min":3.6019484638215316,"max":529.3988976047879},"31":{"dtype":"number","min":92.6666249312873,"max":485.1112246367579},"32":{"dtype":"number","min":21.25525046866838,"max":538.0281727830582},"33":{"dtype":"number","min":112.75053482455797,"max":475.83056996667347},"34":{"dtype":"number","min":28.46767490813189,"max":597.3691746666312},"35":{"dtype":"number","min":58.85105511906224,"max":454.5805158758915},"36":{"dtype":"number","min":13.681860323257006,"max":586.2123508150157},"37":{"dtype":"number","min":75.80099829257856,"max":462.58451891749047},"38":{"dtype":"number","min":19.62041223059288,"max":550.0408414646647},"39":{"dtype":"number","min":84.2544541465194,"max":461.4967167020826},"40":{"dtype":"number","min":31.08316169196934,"max":558.7779803983606},"41":{"dtype":"number","min":100.2636047392287,"max":452.23212038197835}},"outputs":{"0":{"dtype":"string","min":0,"max":1,"uniqueValues":["Bien","Mal","MasOMenos","TalVez"],"legend":{"Bien":[1,0,0,0],"Mal":[0,1,0,0],"MasOMenos":[0,0,1,0],"TalVez":[0,0,0,1]}}},"isNormalized":true}