{"inputUnits":[42],"outputUnits":4,"inputs":{"0":{"dtype":"number","min":126.81775402822001,"max":580.9477380193449},"1":{"dtype":"number","min":180.6622279965406,"max":443.97244413163725},"2":{"dtype":"number","min":146.67922566405525,"max":577.1301624924644},"3":{"dtype":"number","min":203.96838217509733,"max":385.2460237681851},"4":{"dtype":"number","min":108.8270682932722,"max":593.4877373475709},"5":{"dtype":"number","min":167.8374441392071,"max":397.28611021095463},"6":{"dtype":"number","min":73.87195147442208,"max":605.2892537819937},"7":{"dtype":"number","min":131.12679865535307,"max":437.37519657574177},"8":{"dtype":"number","min":56.79701793511785,"max":631.138758224814},"9":{"dtype":"number","min":111.69934664598333,"max":473.10927700679144},"10":{"dtype":"number","min":71.63925095672342,"max":575.5673016834071},"11":{"dtype":"number","min":139.61924648952575,"max":360.6629403819076},"12":{"dtype":"number","min":69.00299072633219,"max":638.6243147876498},"13":{"dtype":"number","min":102.01764820789865,"max":364.3958131636751},"14":{"dtype":"number","min":65.63729823376224,"max":669.7575419256082},"15":{"dtype":"number","min":118.38461313966123,"max":361.46037396540885},"16":{"dtype":"number","min":79.4211382808746,"max":686.7186829796633},"17":{"dtype":"number","min":139.66875217429302,"max":355.41215095356574},"18":{"dtype":"number","min":43.89291330390015,"max":585.2192752409649},"19":{"dtype":"number","min":130.30674957942082,"max":358.7675105850862},"20":{"dtype":"number","min":68.80422364124958,"max":623.6105474673934},"21":{"dtype":"number","min":97.87014981475546,"max":408.4443676734972},"22":{"dtype":"number","min":66.56701811978967,"max":612.5913940625572},"23":{"dtype":"number","min":124.94829999305202,"max":404.1548104354469},"24":{"dtype":"number","min":79.33063590319884,"max":586.5568328758563},"25":{"dtype":"number","min":146.44608098811946,"max":387.99576816493106},"26":{"dtype":"number","min":31.421948289308812,"max":603.3339964915253},"27":{"dtype":"number","min":125.80407590096841,"max":396.158732245449},"28":{"dtype":"number","min":65.28883198204832,"max":610.3100629603618},"29":{"dtype":"number","min":99.70069918076348,"max":442.0881250284897},"30":{"dtype":"number","min":69.6928271845806,"max":596.1668886429146},"31":{"dtype":"number","min":126.18472983758744,"max":431.6498846220578},"32":{"dtype":"number","min":81.30470152324024,"max":573.5173447603684},"33":{"dtype":"number","min":145.43959273779137,"max":414.8421354055406},"34":{"dtype":"number","min":28.10421027428344,"max":612.1795924514722},"35":{"dtype":"number","min":101.60639249438789,"max":429.78581383704903},"36":{"dtype":"number","min":53.82621604224654,"max":615.6935874034265},"37":{"dtype":"number","min":90.9596681769433,"max":465.03941517605847},"38":{"dtype":"number","min":84.71062963481366,"max":583.8425736958357},"39":{"dtype":"number","min":113.4048194142269,"max":454.6781382622392},"40":{"dtype":"number","min":84.69785713209681,"max":567.816183170924},"41":{"dtype":"number","min":131.66320285835909,"max":438.59754286020933}},"outputs":{"0":{"dtype":"string","min":0,"max":1,"uniqueValues":["Bien","Mal","MasOMenos","TalVez"],"legend":{"Bien":[1,0,0,0],"Mal":[0,1,0,0],"MasOMenos":[0,0,1,0],"TalVez":[0,0,0,1]}}},"isNormalized":true}