{"inputUnits":[42],"outputUnits":4,"inputs":{"0":{"dtype":"number","min":49.43638245264823,"max":613.2123886943203},"1":{"dtype":"number","min":217.8873687921068,"max":498.09394709748506},"2":{"dtype":"number","min":65.22697703209292,"max":606.9642721668696},"3":{"dtype":"number","min":179.21108812489265,"max":480.3993250545626},"4":{"dtype":"number","min":71.5057894878083,"max":579.1822172710537},"5":{"dtype":"number","min":135.92166877120968,"max":459.34881913874943},"6":{"dtype":"number","min":66.40217522472618,"max":560.1104651788445},"7":{"dtype":"number","min":104.0599224186133,"max":445.196697175575},"8":{"dtype":"number","min":55.20710001138735,"max":559.6162965718262},"9":{"dtype":"number","min":76.17552413752223,"max":450.26116446785494},"10":{"dtype":"number","min":76.41751717840386,"max":550.8575983644776},"11":{"dtype":"number","min":135.1202132390265,"max":443.5000322201919},"12":{"dtype":"number","min":54.158727260914446,"max":500.20704249519406},"13":{"dtype":"number","min":149.2659197175065,"max":423.9856365331858},"14":{"dtype":"number","min":45.155736891528434,"max":533.1368632921052},"15":{"dtype":"number","min":161.7547188929371,"max":443.73869742437677},"16":{"dtype":"number","min":46.71244325258009,"max":531.0696046833968},"17":{"dtype":"number","min":162.43798036887122,"max":440.8094196744734},"18":{"dtype":"number","min":63.349583269550614,"max":546.242050789793},"19":{"dtype":"number","min":159.91458123774,"max":440.9129808529166},"20":{"dtype":"number","min":41.258972929071106,"max":536.3590396309567},"21":{"dtype":"number","min":177.38323826250158,"max":438.98978159887474},"22":{"dtype":"number","min":33.63107411695235,"max":547.6021058148925},"23":{"dtype":"number","min":186.9757747436534,"max":442.65902612905563},"24":{"dtype":"number","min":36.29701914988997,"max":533.5034891371112},"25":{"dtype":"number","min":183.96306464935827,"max":439.6787079180519},"26":{"dtype":"number","min":47.758100517540115,"max":560.5369100155046},"27":{"dtype":"number","min":170.27136754966148,"max":444.04020206235634},"28":{"dtype":"number","min":23.94020955101444,"max":573.5929743505357},"29":{"dtype":"number","min":160.11019044117543,"max":448.7116989714707},"30":{"dtype":"number","min":19.826657891213713,"max":556.3017883275638},"31":{"dtype":"number","min":178.31473980050487,"max":448.2803415023963},"32":{"dtype":"number","min":25.217128871365926,"max":542.6765840186146},"33":{"dtype":"number","min":187.60679200348753,"max":446.99284386129193},"34":{"dtype":"number","min":31.116783475718293,"max":592.3288021013361},"35":{"dtype":"number","min":144.98985813819436,"max":477.20311402640385},"36":{"dtype":"number","min":11.96098561004456,"max":602.1155950569695},"37":{"dtype":"number","min":136.98499736653667,"max":468.96724049203715},"38":{"dtype":"number","min":10.960870625470523,"max":588.3778749497608},"39":{"dtype":"number","min":156.3828004092124,"max":466.41624173462804},"40":{"dtype":"number","min":16.790430060416913,"max":577.4228174982456},"41":{"dtype":"number","min":169.60012599693238,"max":467.11449740366305}},"outputs":{"0":{"dtype":"string","min":0,"max":1,"uniqueValues":["Bien","Mal","MasOMenos","TalVez"],"legend":{"Bien":[1,0,0,0],"Mal":[0,1,0,0],"MasOMenos":[0,0,1,0],"TalVez":[0,0,0,1]}}},"isNormalized":true}